-- phpMyAdmin SQL Dump
-- version 4.8.4
-- https://www.phpmyadmin.net/
--
-- Host: 127.0.0.1
-- Generation Time: Aug 17, 2019 at 06:58 PM
-- Server version: 10.1.37-MariaDB
-- PHP Version: 7.3.1

SET SQL_MODE = "NO_AUTO_VALUE_ON_ZERO";
SET AUTOCOMMIT = 0;
START TRANSACTION;
SET time_zone = "+00:00";


/*!40101 SET @OLD_CHARACTER_SET_CLIENT=@@CHARACTER_SET_CLIENT */;
/*!40101 SET @OLD_CHARACTER_SET_RESULTS=@@CHARACTER_SET_RESULTS */;
/*!40101 SET @OLD_COLLATION_CONNECTION=@@COLLATION_CONNECTION */;
/*!40101 SET NAMES utf8mb4 */;

--
-- Database: `bus`
--

-- --------------------------------------------------------

--
-- Table structure for table `admin`
--

CREATE TABLE `admin` (
  `id` int(11) NOT NULL,
  `username` varchar(50) NOT NULL,
  `password` varchar(50) NOT NULL
) ENGINE=InnoDB DEFAULT CHARSET=latin1;

--
-- Dumping data for table `admin`
--

INSERT INTO `admin` (`id`, `username`, `password`) VALUES
(1, 'admin', 'admin');

-- --------------------------------------------------------

--
-- Table structure for table `bus`
--

CREATE TABLE `bus` (
  `bus_id` int(2) NOT NULL,
  `bus_name` varchar(35) DEFAULT NULL
) ENGINE=InnoDB DEFAULT CHARSET=utf8;

--
-- Dumping data for table `bus`
--

INSERT INTO `bus` (`bus_id`, `bus_name`) VALUES
(1, 'Sajha Yatayat'),
(2, 'Nepal Yatayat'),
(3, 'Kirtipur Yatayat'),
(4, 'Bagmati Yatayat'),
(5, 'Budhanilkantha Yatayat'),
(6, 'Chandragiri Yatayat'),
(7, 'Dahachowk Yatayat'),
(8, 'Dhumbraha Yatayat'),
(9, 'Digo Yatayat'),
(10, 'Khwopa Bhaktapur Minibus Yatayat'),
(11, 'Lalitpur Kathmandu Nagar Bus'),
(12, 'Lalitpur Yatayat'),
(13, 'Madhyapur Yatayat'),
(14, 'Madhya Upatyaka Yatayat'),
(15, 'Mahanagar Yatayat'),
(16, 'Riddhi Siddhi Yatayat'),
(17, 'Sarwajanik Nepal Yatayat'),
(18, 'Thankot Yatayat'),
(19, 'Chunidevi Yatayat'),
(20, 'Sundarimayi Yatayat');

-- --------------------------------------------------------

--
-- Table structure for table `bus_edge`
--

CREATE TABLE `bus_edge` (
  `bus_id` int(2) DEFAULT NULL,
  `edge_id` int(3) DEFAULT NULL
) ENGINE=InnoDB DEFAULT CHARSET=utf8;

--
-- Dumping data for table `bus_edge`
--

INSERT INTO `bus_edge` (`bus_id`, `edge_id`) VALUES
(1, 1),
(11, 1),
(1, 2),
(11, 2),
(19, 2),
(1, 3),
(11, 3),
(19, 3),
(1, 4),
(11, 4),
(19, 4),
(1, 5),
(11, 5),
(2, 5),
(1, 6),
(11, 6),
(1, 7),
(11, 7),
(1, 8),
(11, 8),
(1, 9),
(11, 9),
(1, 10),
(1, 11),
(2, 11),
(1, 12),
(2, 12),
(1, 13),
(15, 13),
(1, 14),
(1, 15),
(1, 16),
(1, 17),
(1, 18),
(1, 19),
(1, 20),
(1, 21),
(1, 22),
(11, 22),
(1, 23),
(1, 24),
(1, 25),
(1, 26),
(1, 27),
(1, 28),
(1, 29),
(14, 29),
(1, 30),
(3, 30),
(6, 30),
(7, 30),
(8, 30),
(12, 30),
(14, 30),
(18, 30),
(1, 31),
(4, 31),
(8, 31),
(12, 31),
(14, 31),
(1, 32),
(4, 32),
(14, 32),
(19, 32),
(1, 33),
(4, 33),
(13, 33),
(14, 33),
(1, 34),
(4, 34),
(10, 34),
(13, 34),
(14, 34),
(1, 35),
(4, 35),
(10, 35),
(13, 35),
(14, 35),
(1, 36),
(4, 36),
(10, 36),
(13, 36),
(14, 36),
(1, 37),
(4, 37),
(10, 37),
(13, 37),
(14, 37),
(1, 38),
(1, 39),
(1, 40),
(9, 40),
(15, 40),
(1, 41),
(14, 41),
(1, 42),
(1, 43),
(10, 43),
(14, 43),
(1, 44),
(1, 45),
(1, 46),
(1, 47),
(10, 47),
(1, 48),
(14, 48),
(1, 49),
(1, 50),
(1, 51),
(1, 52),
(1, 53),
(1, 54),
(1, 55),
(1, 56),
(15, 56),
(1, 57),
(4, 57),
(1, 58),
(4, 58),
(1, 59),
(4, 59),
(1, 60),
(16, 60),
(19, 60),
(1, 61),
(4, 61),
(10, 61),
(13, 61),
(14, 61),
(1, 62),
(4, 62),
(10, 62),
(13, 62),
(14, 62),
(1, 63),
(1, 64),
(1, 65),
(1, 66),
(1, 67),
(1, 68),
(1, 69),
(15, 69),
(1, 70),
(19, 70),
(2, 71),
(15, 71),
(16, 71),
(2, 72),
(16, 72),
(17, 72),
(2, 73),
(16, 73),
(17, 73),
(2, 74),
(16, 74),
(17, 74),
(2, 75),
(16, 75),
(17, 75),
(2, 76),
(2, 77),
(2, 78),
(2, 79),
(2, 80),
(2, 81),
(2, 82),
(2, 83),
(2, 84),
(2, 85),
(2, 86),
(2, 87),
(2, 88),
(2, 89),
(2, 90),
(2, 91),
(2, 92),
(2, 93),
(2, 94),
(2, 97),
(2, 98),
(2, 99),
(2, 100),
(3, 101),
(6, 101),
(7, 101),
(18, 101),
(3, 103),
(6, 103),
(7, 103),
(2, 103),
(18, 103),
(3, 104),
(6, 104),
(7, 104),
(2, 104),
(18, 104),
(3, 105),
(2, 105),
(3, 106),
(2, 106),
(3, 107),
(2, 107),
(3, 108),
(3, 109),
(3, 110),
(3, 111),
(3, 112),
(3, 113),
(3, 114),
(3, 115),
(3, 116),
(4, 117),
(4, 130),
(5, 131),
(5, 132),
(5, 133),
(5, 134),
(5, 135),
(5, 136),
(5, 137),
(5, 138),
(5, 139),
(5, 140),
(5, 141),
(5, 142),
(9, 142),
(5, 143),
(6, 148),
(7, 148),
(18, 148),
(6, 149),
(18, 149),
(6, 150),
(18, 150),
(6, 151),
(18, 151),
(6, 152),
(18, 152),
(6, 153),
(18, 153),
(6, 154),
(18, 154),
(6, 155),
(18, 155),
(6, 156),
(18, 156),
(6, 157),
(18, 157),
(6, 158),
(18, 158),
(6, 159),
(6, 160),
(7, 166),
(7, 167),
(7, 168),
(7, 169),
(7, 170),
(7, 171),
(8, 172),
(12, 172),
(8, 173),
(12, 173),
(8, 174),
(12, 174),
(8, 175),
(12, 175),
(8, 176),
(12, 176),
(8, 177),
(12, 177),
(8, 178),
(12, 178),
(8, 179),
(12, 179),
(8, 180),
(12, 180),
(8, 181),
(12, 181),
(8, 182),
(12, 182),
(8, 183),
(8, 186),
(12, 186),
(17, 186),
(8, 187),
(17, 187),
(8, 188),
(17, 188),
(8, 189),
(9, 190),
(9, 191),
(9, 192),
(9, 194),
(9, 195),
(20, 195),
(9, 196),
(9, 197),
(9, 198),
(10, 200),
(10, 201),
(10, 209),
(14, 209),
(10, 210),
(14, 210),
(10, 211),
(14, 211),
(10, 212),
(14, 212),
(10, 213),
(10, 215),
(10, 216),
(10, 217),
(10, 218),
(10, 219),
(10, 220),
(10, 221),
(11, 222),
(11, 223),
(11, 224),
(16, 224),
(11, 225),
(11, 236),
(11, 237),
(11, 238),
(11, 239),
(11, 240),
(11, 241),
(12, 253),
(12, 254),
(12, 255),
(12, 259),
(12, 260),
(13, 261),
(13, 269),
(13, 270),
(13, 271),
(13, 272),
(13, 273),
(13, 274),
(13, 275),
(13, 276),
(13, 277),
(13, 278),
(13, 279),
(13, 280),
(13, 281),
(13, 282),
(13, 283),
(14, 290),
(14, 291),
(14, 292),
(14, 293),
(20, 293),
(14, 294),
(20, 294),
(14, 295),
(14, 296),
(14, 297),
(14, 309),
(14, 311),
(15, 312),
(15, 313),
(15, 314),
(15, 315),
(15, 316),
(15, 318),
(15, 319),
(15, 320),
(15, 321),
(15, 322),
(15, 324),
(15, 325),
(15, 326),
(15, 327),
(15, 328),
(15, 329),
(16, 329),
(15, 331),
(15, 333),
(15, 334),
(15, 335),
(15, 336),
(15, 337),
(15, 338),
(15, 340),
(15, 341),
(2, 342),
(17, 342),
(2, 344),
(16, 344),
(17, 344),
(2, 345),
(16, 345),
(17, 345),
(2, 346),
(17, 346),
(16, 353),
(16, 354),
(16, 355),
(16, 365),
(19, 365),
(16, 366),
(19, 366),
(17, 380),
(17, 381),
(17, 382),
(17, 383),
(17, 384),
(19, 400),
(19, 401),
(19, 402),
(19, 403),
(20, 412),
(20, 413),
(20, 415),
(20, 416),
(20, 419),
(20, 420),
(20, 421),
(20, 422),
(20, 423),
(20, 424),
(2, 425),
(17, 425),
(1, 426),
(1, 427),
(1, 428),
(1, 448),
(11, 448),
(1, 433),
(1, 432),
(11, 433),
(1, 431),
(2, 431),
(14, 713),
(20, 713),
(14, 712),
(20, 712),
(1, 430),
(2, 430),
(1, 442),
(1, 443),
(1, 444),
(1, 445),
(1, 446),
(1, 447),
(10, 645),
(1, 449),
(1, 450),
(1, 451),
(1, 452),
(1, 453),
(13, 645),
(1, 455),
(1, 456),
(6, 578),
(18, 578),
(6, 577),
(18, 577),
(6, 576),
(18, 576),
(6, 575),
(18, 575),
(6, 574),
(1, 466),
(1, 467),
(1, 468),
(1, 469),
(1, 470),
(18, 574),
(6, 573),
(1, 473),
(1, 474),
(1, 475),
(18, 573),
(6, 572),
(18, 572),
(6, 571),
(1, 480),
(1, 481),
(1, 482),
(1, 483),
(18, 571),
(6, 570),
(18, 570),
(6, 569),
(1, 488),
(1, 489),
(1, 490),
(1, 491),
(1, 492),
(18, 569),
(10, 632),
(1, 495),
(1, 496),
(1, 497),
(1, 498),
(2, 499),
(2, 500),
(2, 501),
(2, 502),
(14, 632),
(10, 635),
(2, 505),
(2, 506),
(2, 507),
(2, 508),
(2, 509),
(2, 510),
(2, 511),
(2, 512),
(2, 513),
(2, 514),
(2, 515),
(2, 516),
(2, 517),
(2, 518),
(2, 519),
(2, 520),
(2, 521),
(2, 522),
(14, 635),
(8, 611),
(12, 611),
(8, 610),
(12, 610),
(3, 528),
(3, 529),
(3, 530),
(3, 531),
(3, 532),
(8, 609),
(12, 609),
(8, 608),
(12, 608),
(1, 429),
(15, 429),
(11, 664),
(4, 540),
(16, 664),
(1, 441),
(11, 441),
(8, 596),
(2, 596),
(1, 493),
(19, 493),
(16, 779),
(19, 779),
(1, 440),
(11, 440),
(19, 440),
(4, 553),
(5, 554),
(8, 597),
(5, 556),
(5, 557),
(5, 558),
(5, 559),
(5, 560),
(5, 561),
(5, 562),
(5, 563),
(5, 564),
(5, 565),
(5, 566),
(6, 567),
(6, 568),
(2, 597),
(1, 436),
(11, 436),
(1, 479),
(10, 479),
(13, 479),
(14, 479),
(2, 775),
(16, 775),
(17, 775),
(1, 462),
(4, 462),
(8, 600),
(12, 600),
(1, 461),
(7, 584),
(7, 585),
(7, 586),
(7, 587),
(7, 588),
(7, 589),
(4, 461),
(10, 461),
(13, 461),
(14, 461),
(2, 776),
(8, 595),
(16, 776),
(17, 776),
(1, 460),
(4, 460),
(10, 460),
(13, 460),
(8, 602),
(8, 603),
(8, 604),
(8, 605),
(8, 606),
(14, 460),
(2, 523),
(16, 523),
(17, 523),
(1, 459),
(4, 459),
(10, 459),
(13, 459),
(9, 615),
(9, 616),
(9, 617),
(9, 618),
(9, 619),
(9, 620),
(9, 621),
(9, 622),
(10, 623),
(10, 624),
(10, 625),
(10, 626),
(10, 627),
(10, 628),
(10, 629),
(14, 459),
(10, 631),
(2, 524),
(16, 524),
(17, 524),
(1, 458),
(4, 458),
(10, 458),
(13, 458),
(14, 458),
(2, 525),
(16, 525),
(17, 525),
(1, 457),
(4, 457),
(10, 457),
(13, 457),
(11, 647),
(11, 648),
(11, 649),
(11, 650),
(11, 651),
(11, 652),
(14, 457),
(2, 526),
(16, 526),
(17, 526),
(1, 454),
(9, 454),
(15, 454),
(1, 439),
(11, 439),
(19, 439),
(11, 663),
(8, 598),
(11, 665),
(11, 666),
(12, 667),
(12, 668),
(12, 598),
(2, 778),
(17, 778),
(1, 477),
(4, 477),
(12, 674),
(12, 675),
(12, 676),
(10, 477),
(13, 477),
(14, 477),
(1, 476),
(10, 476),
(14, 476),
(10, 634),
(13, 684),
(13, 685),
(13, 686),
(13, 687),
(13, 688),
(13, 689),
(13, 690),
(13, 691),
(14, 634),
(1, 472),
(10, 472),
(1, 471),
(14, 471),
(8, 599),
(12, 599),
(17, 599),
(1, 438),
(11, 438),
(13, 702),
(13, 703),
(13, 704),
(13, 705),
(13, 706),
(13, 707),
(13, 708),
(14, 709),
(14, 710),
(14, 711),
(1, 463),
(4, 463),
(14, 714),
(14, 715),
(14, 716),
(1, 487),
(15, 487),
(6, 579),
(7, 579),
(18, 579),
(1, 486),
(14, 723),
(4, 486),
(14, 725),
(3, 536),
(14, 727),
(6, 536),
(7, 536),
(17, 536),
(18, 536),
(1, 485),
(4, 485),
(3, 537),
(6, 537),
(15, 736),
(15, 737),
(7, 537),
(15, 739),
(15, 740),
(15, 741),
(15, 742),
(15, 743),
(15, 744),
(17, 537),
(15, 746),
(18, 537),
(10, 633),
(15, 749),
(15, 750),
(15, 751),
(15, 752),
(15, 753),
(14, 633),
(15, 755),
(15, 756),
(15, 757),
(15, 758),
(15, 759),
(1, 437),
(15, 761),
(15, 762),
(15, 763),
(15, 764),
(15, 765),
(2, 766),
(2, 767),
(2, 768),
(2, 769),
(2, 770),
(2, 771),
(11, 437),
(17, 437),
(2, 774),
(1, 484),
(4, 484),
(1, 464),
(3, 464),
(6, 464),
(7, 464),
(18, 464),
(1, 494),
(15, 494),
(15, 748),
(16, 748),
(1, 465),
(14, 465),
(3, 539),
(16, 789),
(16, 790),
(16, 791),
(6, 539),
(7, 539),
(14, 539),
(18, 539),
(20, 539),
(8, 601),
(12, 601),
(10, 646),
(13, 646),
(1, 435),
(11, 435),
(5, 555),
(12, 555),
(8, 607),
(12, 607),
(8, 612),
(12, 612),
(8, 613),
(12, 613),
(1, 434),
(11, 434),
(1, 478),
(4, 478),
(10, 478),
(13, 478),
(14, 478),
(2, 777),
(17, 777),
(2, 527),
(15, 527),
(16, 527),
(19, 823),
(3, 535),
(17, 535),
(3, 534),
(19, 827),
(19, 828),
(19, 829),
(19, 830),
(20, 831),
(20, 832),
(20, 833),
(20, 834),
(20, 835),
(20, 836),
(17, 534),
(3, 533),
(20, 839),
(20, 840),
(20, 841),
(20, 842),
(20, 843),
(20, 844),
(17, 533);

-- --------------------------------------------------------

--
-- Table structure for table `edges`
--

CREATE TABLE `edges` (
  `edge_id` int(3) NOT NULL,
  `from` int(3) DEFAULT NULL,
  `to` int(3) DEFAULT NULL,
  `distance` float NOT NULL
) ENGINE=InnoDB DEFAULT CHARSET=utf8;

--
-- Dumping data for table `edges`
--

INSERT INTO `edges` (`edge_id`, `from`, `to`, `distance`) VALUES
(1, 1, 2, 1.3),
(2, 2, 3, 1.1),
(3, 3, 4, 1.3),
(4, 4, 5, 0.8),
(5, 5, 6, 0.9),
(6, 6, 7, 1.1),
(7, 7, 8, 0.9),
(8, 8, 9, 2),
(9, 9, 10, 0.8),
(10, 10, 86, 1.2),
(11, 86, 11, 0.4),
(12, 11, 12, 0.9),
(13, 12, 189, 1.4),
(14, 189, 13, 1),
(15, 13, 14, 2.7),
(16, 14, 15, 1.1),
(17, 16, 17, 0.6),
(18, 17, 18, 0.8),
(19, 18, 19, 0.6),
(20, 19, 20, 2),
(21, 20, 21, 1.6),
(22, 21, 1, 2.1),
(23, 12, 13, 2.4),
(24, 13, 23, 3),
(25, 23, 24, 1),
(26, 24, 25, 0.4),
(27, 25, 26, 1.5),
(28, 26, 27, 1.4),
(29, 28, 30, 1.1),
(30, 30, 6, 0.9),
(31, 6, 5, 0.8),
(32, 5, 31, 0.3),
(33, 31, 32, 0.4),
(34, 32, 33, 1.3),
(35, 33, 34, 0.4),
(36, 34, 35, 0.4),
(37, 35, 36, 0.4),
(38, 36, 37, 0.5),
(39, 37, 38, 0.9),
(40, 38, 39, 0.7),
(41, 28, 31, 2),
(42, 36, 40, 2.2),
(43, 40, 41, 0.7),
(44, 41, 42, 1.3),
(45, 42, 43, 1.2),
(46, 43, 44, 4.4),
(47, 44, 45, 1.5),
(48, 45, 46, 2.5),
(49, 46, 47, 1.3),
(50, 47, 48, 2.5),
(51, 48, 49, 1.4),
(52, 49, 50, 0.7),
(53, 50, 51, 1.6),
(54, 52, 53, 0.9),
(55, 53, 54, 0.4),
(56, 54, 55, 1.4),
(57, 55, 56, 2),
(58, 56, 57, 0.8),
(59, 57, 6, 0.8),
(60, 7, 28, 0.7),
(61, 36, 91, 1.1),
(62, 91, 40, 2.2),
(63, 59, 60, 1.5),
(64, 60, 21, 0.4),
(65, 61, 62, 0.8),
(66, 62, 63, 1.5),
(67, 63, 64, 0.4),
(68, 64, 65, 1.4),
(69, 65, 66, 0.6),
(70, 66, 2, 1.2),
(71, 67, 91, 1),
(72, 91, 36, 2.7),
(73, 36, 35, 1.8),
(74, 35, 34, 1.7),
(75, 34, 33, 3.6),
(76, 33, 68, 2.5),
(77, 68, 69, 0.6),
(78, 69, 70, 0.4),
(79, 70, 71, 0.3),
(80, 71, 72, 0.4),
(81, 72, 73, 0.2),
(82, 73, 74, 1.6),
(83, 74, 75, 2.7),
(84, 75, 76, 1.8),
(85, 76, 77, 0.2),
(86, 77, 78, 1.2),
(87, 78, 79, 0.5),
(88, 79, 80, 0.2),
(89, 80, 81, 0.3),
(90, 81, 82, 0.7),
(91, 82, 83, 1.3),
(92, 83, 84, 0.2),
(93, 84, 85, 0.4),
(94, 85, 86, 1),
(97, 12, 87, 0.9),
(98, 87, 88, 0.4),
(99, 88, 89, 0.5),
(100, 89, 90, 0.7),
(101, 29, 30, 1),
(103, 6, 57, 0.8),
(104, 57, 56, 0.9),
(105, 56, 93, 0.8),
(106, 93, 94, 0.4),
(107, 94, 95, 0.9),
(108, 95, 96, 1.1),
(109, 96, 97, 0.5),
(110, 97, 98, 1.2),
(111, 98, 99, 0.2),
(112, 99, 100, 0.4),
(113, 100, 101, 0.2),
(114, 101, 102, 0.5),
(115, 102, 103, 0.7),
(116, 103, 104, 0.1),
(117, 192, 55, 3.7),
(130, 40, 193, 5.6),
(131, 27, 26, 1.4),
(132, 26, 25, 1.5),
(133, 25, 24, 0.4),
(134, 24, 23, 1),
(135, 23, 22, 0.3),
(136, 22, 12, 0.5),
(137, 12, 11, 0.9),
(138, 11, 86, 0.4),
(139, 86, 10, 1.2),
(140, 10, 9, 0.8),
(141, 9, 92, 0.9),
(142, 92, 8, 1.2),
(143, 8, 28, 0.6),
(148, 56, 55, 2),
(149, 55, 124, 0.7),
(150, 124, 125, 0.5),
(151, 125, 126, 0.8),
(152, 126, 127, 0.5),
(153, 127, 128, 0.9),
(154, 128, 129, 0.3),
(155, 129, 130, 0.4),
(156, 130, 131, 0.2),
(157, 131, 132, 1.4),
(158, 132, 133, 1.7),
(159, 133, 134, 1.3),
(160, 134, 135, 1),
(166, 55, 136, 1.1),
(167, 136, 137, 0.4),
(168, 137, 138, 0.3),
(169, 138, 139, 2),
(170, 139, 140, 0.6),
(171, 140, 135, 4.5),
(172, 89, 88, 1.3),
(173, 88, 87, 0.4),
(174, 87, 171, 0.9),
(175, 171, 172, 0.4),
(176, 172, 173, 0.4),
(177, 173, 174, 0.7),
(178, 174, 80, 0.2),
(179, 80, 191, 0.3),
(180, 191, 78, 0.3),
(181, 78, 77, 0.4),
(182, 77, 175, 2.2),
(183, 175, 30, 1.9),
(186, 5, 4, 0.8),
(187, 4, 3, 1.3),
(188, 3, 2, 1),
(189, 2, 1, 1.3),
(190, 15, 14, 1.5),
(191, 14, 13, 0.3),
(192, 13, 92, 4.1),
(194, 8, 105, 1.1),
(195, 105, 144, 0.9),
(196, 144, 145, 0.9),
(197, 145, 146, 2.1),
(198, 146, 38, 1.7),
(200, 179, 30, 1.1),
(201, 30, 32, 2.4),
(209, 41, 153, 0.6),
(210, 153, 42, 2.5),
(211, 42, 58, 1.3),
(212, 58, 151, 1.2),
(213, 151, 44, 1),
(215, 45, 160, 2.5),
(216, 160, 161, 0.4),
(217, 161, 162, 0.4),
(218, 162, 163, 0.3),
(219, 163, 164, 0.2),
(220, 164, 165, 0.2),
(221, 165, 166, 0.3),
(222, 195, 196, 1.5),
(223, 196, 122, 3.6),
(224, 122, 19, 2.3),
(225, 19, 21, 1.3),
(236, 10, 11, 0.9),
(237, 11, 197, 0.8),
(238, 197, 22, 0.6),
(239, 22, 198, 3.3),
(240, 198, 27, 2.2),
(241, 27, 118, 0.3),
(253, 175, 176, 0.4),
(254, 176, 8, 0.6),
(255, 8, 30, 1.5),
(259, 4, 177, 0.6),
(260, 177, 178, 0.5),
(261, 179, 31, 2),
(269, 40, 167, 1.8),
(270, 167, 168, 7.4),
(271, 168, 169, 0.2),
(272, 169, 46, 0.6),
(273, 46, 170, 1.2),
(274, 170, 47, 0.3),
(275, 47, 152, 0.8),
(276, 152, 166, 0.6),
(277, 167, 154, 1.4),
(278, 154, 155, 0.7),
(279, 155, 160, 6),
(280, 160, 159, 0.5),
(281, 155, 156, 3.2),
(282, 156, 157, 1.2),
(283, 157, 158, 0),
(290, 36, 39, 2.1),
(291, 39, 38, 0.7),
(292, 38, 107, 2.1),
(293, 107, 110, 1.2),
(294, 110, 111, 0.8),
(295, 111, 148, 0.9),
(296, 148, 149, 1.7),
(297, 149, 150, 0.9),
(309, 151, 45, 0.9),
(311, 46, 152, 2),
(312, 180, 181, 2.1),
(313, 181, 182, 0.8),
(314, 182, 183, 0.3),
(315, 183, 52, 0.6),
(316, 52, 54, 1.3),
(318, 55, 95, 3.1),
(319, 95, 184, 0.9),
(320, 184, 185, 0.4),
(321, 185, 186, 2.4),
(322, 186, 65, 0.8),
(324, 66, 187, 1.2),
(325, 187, 188, 0.2),
(326, 188, 21, 0.9),
(327, 21, 20, 0.7),
(328, 20, 19, 0.3),
(329, 19, 67, 1.4),
(331, 91, 38, 1.9),
(333, 39, 107, 1.4),
(334, 107, 108, 0.4),
(335, 108, 109, 0.3),
(336, 109, 110, 0.5),
(337, 110, 88, 2.6),
(338, 88, 12, 1.3),
(340, 189, 14, 1.9),
(341, 14, 190, 1.9),
(342, 167, 40, 2.4),
(344, 33, 32, 1.4),
(345, 32, 31, 0.8),
(346, 31, 5, 0.8),
(353, 119, 120, 3.3),
(354, 120, 121, 2.2),
(355, 121, 122, 1.1),
(365, 31, 123, 1),
(366, 123, 7, 1.4),
(380, 2, 66, 1.2),
(381, 66, 65, 0.6),
(382, 65, 186, 0.8),
(383, 186, 185, 3.2),
(384, 185, 95, 3.8),
(400, 141, 61, 1.7),
(401, 61, 142, 0.7),
(402, 142, 64, 2.3),
(403, 64, 66, 1.9),
(412, 29, 74, 1.5),
(413, 74, 105, 2.3),
(415, 144, 106, 0.9),
(416, 106, 107, 0.9),
(419, 111, 112, 1),
(420, 112, 113, 1.1),
(421, 113, 114, 1.6),
(422, 114, 115, 1),
(423, 115, 116, 1.3),
(424, 116, 117, 3.1),
(425, 40, 91, 0.8),
(426, 15, 14, 1.5),
(427, 14, 13, 0.3),
(428, 13, 189, 0.8),
(429, 189, 12, 1.4),
(430, 12, 11, 0.9),
(431, 11, 86, 0.4),
(432, 86, 10, 1.2),
(433, 10, 9, 0.8),
(434, 9, 8, 1.8),
(435, 8, 30, 1.5),
(436, 30, 6, 0.9),
(437, 6, 5, 0.8),
(438, 5, 4, 0.8),
(439, 4, 3, 1.3),
(440, 3, 2, 1),
(441, 2, 1, 1.3),
(442, 27, 26, 1.4),
(443, 26, 25, 1.5),
(444, 25, 24, 0.4),
(445, 24, 23, 1),
(446, 23, 22, 0.3),
(447, 22, 12, 0.5),
(448, 1, 21, 1.1),
(449, 21, 20, 0.7),
(450, 20, 19, 0.3),
(451, 19, 18, 0.6),
(452, 18, 17, 0.8),
(453, 17, 16, 0.6),
(454, 39, 38, 0.7),
(455, 38, 37, 0.9),
(456, 37, 36, 2.5),
(457, 36, 35, 1.8),
(458, 35, 34, 1.7),
(459, 34, 33, 3.6),
(460, 33, 32, 1.4),
(461, 32, 31, 0.8),
(462, 31, 5, 0.8),
(463, 5, 6, 0.9),
(464, 6, 7, 1.1),
(465, 7, 28, 0.7),
(466, 51, 50, 1.6),
(467, 50, 49, 0.7),
(468, 49, 48, 1.4),
(469, 48, 47, 2.5),
(470, 47, 46, 1.9),
(471, 46, 45, 2.4),
(472, 45, 44, 0.2),
(473, 44, 43, 4.1),
(474, 43, 42, 1.2),
(475, 42, 41, 1.3),
(476, 41, 40, 0.7),
(477, 40, 91, 0.8),
(478, 91, 36, 2.7),
(479, 31, 123, 1),
(480, 123, 30, 1),
(481, 30, 7, 0.4),
(482, 123, 31, 0.3),
(483, 31, 6, 1.7),
(484, 6, 57, 0.8),
(485, 57, 56, 0.9),
(486, 56, 55, 2),
(487, 55, 54, 1.2),
(488, 54, 53, 0.4),
(489, 53, 52, 0.9),
(490, 21, 60, 2.5),
(491, 60, 59, 1.5),
(492, 28, 30, 1.1),
(493, 2, 66, 1.2),
(494, 66, 65, 0.6),
(495, 65, 64, 1.3),
(496, 64, 63, 0.4),
(497, 63, 62, 1.5),
(498, 62, 61, 0.8),
(499, 90, 89, 0.7),
(500, 89, 88, 1.3),
(501, 88, 87, 0.4),
(502, 87, 12, 0.8),
(505, 86, 85, 1),
(506, 85, 84, 0.4),
(507, 84, 83, 0.2),
(508, 83, 82, 1.3),
(509, 82, 81, 0.7),
(510, 81, 80, 0.3),
(511, 80, 191, 0.3),
(512, 191, 78, 0.3),
(513, 78, 77, 0.4),
(514, 77, 75, 0.5),
(515, 75, 74, 0.4),
(516, 74, 73, 0.8),
(517, 73, 72, 0.2),
(518, 72, 71, 0.4),
(519, 71, 70, 0.3),
(520, 70, 69, 0.4),
(521, 69, 68, 0.6),
(522, 68, 33, 1.5),
(523, 33, 34, 0.4),
(524, 34, 35, 0.4),
(525, 35, 36, 0.4),
(526, 36, 91, 1.1),
(527, 91, 67, 4.5),
(528, 104, 99, 1.1),
(529, 99, 98, 0.2),
(530, 98, 97, 1.2),
(531, 97, 96, 0.5),
(532, 96, 95, 1.8),
(533, 95, 94, 0.7),
(534, 94, 93, 0.4),
(535, 93, 56, 0.8),
(536, 56, 57, 0.8),
(537, 57, 6, 0.8),
(539, 7, 29, 0.5),
(540, 193, 40, 4.4),
(553, 55, 192, 3.7),
(554, 28, 8, 0.4),
(555, 8, 92, 1.3),
(556, 92, 9, 0.9),
(557, 9, 10, 0.8),
(558, 10, 86, 1.2),
(559, 86, 11, 0.4),
(560, 11, 12, 0.9),
(561, 12, 22, 0.5),
(562, 22, 23, 0.3),
(563, 23, 24, 1),
(564, 24, 25, 0.4),
(565, 25, 26, 1.5),
(566, 26, 27, 1.4),
(567, 135, 134, 0.9),
(568, 134, 133, 1),
(569, 133, 132, 1.7),
(570, 132, 131, 1.4),
(571, 131, 130, 0.2),
(572, 130, 129, 0.4),
(573, 129, 128, 0.3),
(574, 128, 127, 0.9),
(575, 127, 126, 0.5),
(576, 126, 125, 0.8),
(577, 125, 124, 0.8),
(578, 124, 55, 0.7),
(579, 55, 56, 2),
(584, 135, 140, 4.5),
(585, 140, 139, 0.6),
(586, 139, 138, 2),
(587, 138, 137, 0.3),
(588, 137, 136, 0.4),
(589, 136, 55, 0.9),
(595, 1, 2, 1.3),
(596, 2, 3, 1.1),
(597, 3, 4, 1.3),
(598, 4, 5, 0.8),
(599, 5, 31, 0.3),
(600, 31, 7, 2.2),
(601, 7, 8, 0.9),
(602, 8, 175, 1.5),
(603, 175, 77, 0.7),
(604, 77, 78, 1.2),
(605, 78, 191, 0.3),
(606, 191, 80, 0.3),
(607, 80, 174, 0.2),
(608, 174, 173, 0.7),
(609, 173, 172, 0.4),
(610, 172, 171, 0.4),
(611, 171, 87, 0.9),
(612, 87, 88, 0.4),
(613, 88, 89, 0.5),
(615, 38, 146, 1.7),
(616, 146, 145, 0.8),
(617, 145, 147, 0.6),
(618, 147, 28, 1.2),
(619, 28, 92, 1.3),
(620, 92, 13, 2.5),
(621, 13, 14, 2.7),
(622, 14, 15, 1.1),
(623, 166, 165, 0.3),
(624, 165, 164, 0.2),
(625, 164, 163, 0.2),
(626, 163, 162, 0.3),
(627, 162, 161, 0.5),
(628, 161, 160, 0.8),
(629, 160, 45, 2.4),
(631, 44, 151, 0.7),
(632, 151, 58, 1.1),
(633, 58, 42, 1.3),
(634, 42, 153, 1.1),
(635, 153, 41, 1.1),
(645, 123, 74, 2),
(646, 74, 179, 0.8),
(647, 166, 27, 22.3),
(648, 27, 198, 2.2),
(649, 198, 22, 3.3),
(650, 22, 197, 0.6),
(651, 197, 11, 0.8),
(652, 11, 10, 0.9),
(663, 21, 19, 1.1),
(664, 19, 122, 2.3),
(665, 122, 196, 3.6),
(666, 196, 195, 1.5),
(667, 178, 177, 1),
(668, 177, 4, 1.8),
(674, 92, 194, 0.4),
(675, 194, 79, 1.1),
(676, 79, 80, 0.2),
(684, 166, 152, 0.6),
(685, 152, 47, 0.8),
(686, 47, 170, 0.3),
(687, 170, 46, 2),
(688, 46, 169, 0.9),
(689, 169, 168, 0.2),
(690, 168, 167, 7.4),
(691, 167, 40, 2.4),
(702, 159, 160, 0.5),
(703, 160, 155, 5.4),
(704, 155, 154, 0.7),
(705, 154, 167, 1.4),
(706, 158, 157, 0),
(707, 157, 156, 1.2),
(708, 156, 155, 3.2),
(709, 150, 149, 0.9),
(710, 149, 148, 1.4),
(711, 148, 111, 0.9),
(712, 111, 110, 0.6),
(713, 110, 107, 1.4),
(714, 107, 38, 2.1),
(715, 38, 39, 0.7),
(716, 39, 36, 4.1),
(723, 123, 7, 1.4),
(725, 152, 46, 2.5),
(727, 45, 151, 0.8),
(736, 190, 14, 1.8),
(737, 14, 189, 1.2),
(739, 12, 88, 1.2),
(740, 88, 110, 1.8),
(741, 110, 109, 0.8),
(742, 109, 108, 0.7),
(743, 108, 107, 1),
(744, 107, 39, 1.4),
(746, 38, 91, 2.1),
(748, 67, 19, 3.1),
(749, 19, 20, 2),
(750, 20, 21, 1.6),
(751, 21, 188, 3.1),
(752, 188, 187, 0.2),
(753, 187, 66, 1.1),
(755, 65, 186, 0.8),
(756, 186, 185, 3.2),
(757, 185, 184, 2.7),
(758, 184, 95, 0.4),
(759, 95, 55, 2.4),
(761, 54, 52, 1.3),
(762, 52, 183, 0.6),
(763, 183, 182, 0.3),
(764, 182, 181, 0.6),
(765, 181, 180, 0.4),
(766, 95, 184, 0.9),
(767, 184, 185, 0.4),
(768, 185, 186, 2.4),
(769, 186, 65, 0.8),
(770, 65, 66, 0.6),
(771, 66, 2, 1.2),
(774, 4, 31, 1.1),
(775, 31, 32, 0.4),
(776, 32, 33, 1.3),
(777, 91, 40, 2.2),
(778, 40, 167, 1.8),
(779, 28, 31, 2),
(789, 122, 121, 1.1),
(790, 121, 120, 2.2),
(791, 120, 119, 3.3),
(823, 31, 4, 1.6),
(827, 66, 64, 2),
(828, 64, 142, 2.3),
(829, 142, 61, 0.7),
(830, 61, 141, 6.7),
(831, 117, 116, 3.1),
(832, 116, 115, 1.3),
(833, 115, 114, 1),
(834, 114, 113, 1.6),
(835, 113, 112, 1.1),
(836, 112, 111, 1),
(839, 107, 106, 0.9),
(840, 106, 144, 0.9),
(841, 144, 105, 0.9),
(842, 105, 147, 0.7),
(843, 147, 179, 1),
(844, 179, 7, 1.5);

-- --------------------------------------------------------

--
-- Table structure for table `nodes`
--

CREATE TABLE `nodes` (
  `node_id` int(3) NOT NULL,
  `address` varchar(38) DEFAULT NULL,
  `latitude` decimal(8,6) DEFAULT NULL,
  `longitude` decimal(8,6) DEFAULT NULL
) ENGINE=InnoDB DEFAULT CHARSET=utf8;

--
-- Dumping data for table `nodes`
--

INSERT INTO `nodes` (`node_id`, `address`, `latitude`, `longitude`) VALUES
(1, 'Lagankhel', '27.667301', '85.323147'),
(2, 'Jawalakhel', '27.672457', '85.314242'),
(3, 'Pulchowk', '27.678227', '85.316860'),
(4, 'Kupondole', '27.687859', '85.316299'),
(5, 'Thapathali', '27.694067', '85.319353'),
(6, 'Tripureshwor', '27.693461', '85.314471'),
(7, 'NAC', '27.702520', '85.313434'),
(8, 'Jamal', '27.708915', '85.315610'),
(9, 'Lazimpat', '27.722325', '85.320774'),
(10, 'Panipokhari', '27.728697', '85.324838'),
(11, 'Teaching Hospital', '27.734523', '85.330780'),
(12, 'Narayan Gopal Chowk', '27.739939', '85.336913'),
(13, 'Samakhusi', '27.735088', '85.317760'),
(14, 'Gongabu', '27.734946', '85.314434'),
(15, 'New Buspark', '27.732407', '85.308078'),
(16, 'Imadol Police Chowki', '27.659543', '85.343815'),
(17, 'Ratomakai Chowk', '27.663139', '85.339750'),
(18, 'Kist Hospital', '27.663345', '85.335166'),
(19, 'Gwarko', '27.666868', '85.332097'),
(20, 'BNB Hospital', '27.664318', '85.330226'),
(21, 'Satdobato', '27.659161', '85.325359'),
(22, 'Bansbari', '27.743369', '85.340017'),
(23, 'Gangalal Hospital', '27.745558', '85.342177'),
(24, 'Golfutar', '27.752893', '85.346759'),
(25, 'Hattigauda', '27.756155', '85.348913'),
(26, 'Chapali Gaun', '27.767725', '85.355830'),
(27, 'Narayansthan', '27.778218', '85.362674'),
(28, 'Ratnapark', '27.706746', '85.315172'),
(29, 'Purano Buspark', '27.705372', '85.314842'),
(30, 'Sahid Gate', '27.699569', '85.314761'),
(31, 'Maitighar', '27.693822', '85.321310'),
(32, 'Babar Mahal', '27.692088', '85.324453'),
(33, 'New Baneshwor', '27.688490', '85.335355'),
(34, 'Minbhawan', '27.687717', '85.339010'),
(35, 'Shantinagar', '27.686803', '85.343007'),
(36, 'Tinkune', '27.685871', '85.346488'),
(37, 'Gairegaun', '27.687746', '85.350785'),
(38, 'Sinamangal', '27.695382', '85.355007'),
(39, 'Tribhuvan International Airport', '27.701035', '85.353408'),
(40, 'Jadibuti', '27.675193', '85.353271'),
(41, 'Lokanthali', '27.674949', '85.359746'),
(42, 'Gatthaghar', '27.674126', '85.373269'),
(43, 'Madhyapur Thimi', '27.682313', '85.375844'),
(44, 'Srijana Nagar', '27.672953', '85.403930'),
(45, 'Sallaghari', '27.672465', '85.405478'),
(46, 'Surya Binayak', '27.665838', '85.424777'),
(47, 'Jagati', '27.666550', '85.437438'),
(48, 'Nalinchowk', '27.654070', '85.456944'),
(49, 'Fun Valley', '27.646797', '85.467024'),
(50, 'Palanse', '27.643810', '85.465420'),
(51, 'Sanga', '27.641860', '85.477619'),
(52, 'Swayambhunath', '27.715839', '85.283622'),
(53, 'Sitapaila', '27.707729', '85.282538'),
(54, 'Bafal', '27.704436', '85.282117'),
(55, 'Kalanki', '27.693962', '85.281469'),
(56, 'Kalimati', '27.698284', '85.299377'),
(57, 'Teku', '27.696314', '85.306990'),
(58, 'Thimi', '27.673509', '85.386330'),
(59, 'Hattiban Kharibot', '27.648034', '85.335697'),
(60, 'Khumaltar', '27.656975', '85.326109'),
(61, 'Bungamati', '27.628503', '85.303679'),
(62, 'Chyasikot', '27.635075', '85.305538'),
(63, 'Sainbu', '27.648401', '85.305173'),
(64, 'Bhaisepati', '27.652284', '85.305068'),
(65, 'Nakkhu', '27.663905', '85.306306'),
(66, 'Ekantakuna Chowk', '27.667891', '85.306794'),
(67, 'Balkumari', '27.673894', '85.342491'),
(68, 'Thapa Gaun', '27.691385', '85.332861'),
(69, 'Hanumanthan', '27.693431', '85.327552'),
(70, 'Singha Durbar East Gate', '27.696699', '85.327978'),
(71, 'Anamnagar', '27.699477', '85.328662'),
(72, 'Baidhya Khana', '27.700183', '85.325167'),
(73, 'New Plaza', '27.700809', '85.323285'),
(74, 'Putalisadak', '27.706867', '85.322775'),
(75, 'Hattisar / Kamalpokhari', '27.710601', '85.321976'),
(76, 'Jai Nepal Hall', '27.713684', '85.321697'),
(77, 'Nagpokhari', '27.713306', '85.323602'),
(78, 'Narayanchaur', '27.714981', '85.326371'),
(79, 'Gairidhara', '27.717518', '85.328736'),
(80, 'Tangal', '27.717197', '85.330359'),
(81, 'Bhatbhateni Mandir', '27.719522', '85.331108'),
(82, 'Chinese Embassy', '27.721824', '85.333045'),
(83, 'Baluwatar', '27.724498', '85.330909'),
(84, 'PM Gate 3', '27.726318', '85.330531'),
(85, 'Pabitra Workshop', '27.729623', '85.330864'),
(86, 'Nepal Police Academy', '27.733861', '85.328152'),
(87, 'Chappal Karkhana', '27.734677', '85.342286'),
(88, 'Dhumbarahi', '27.731793', '85.344372'),
(89, 'Sukedhara', '27.728071', '85.345851'),
(90, 'Gopi Krishna', '27.721813', '85.345709'),
(91, 'Koteshwor', '27.679855', '85.349435'),
(92, 'Lainchaur', '27.717163', '85.315072'),
(93, 'Kuleshwor/Naya Basti', '27.691382', '85.298973'),
(94, 'Kuleshwor/Metro Hall', '27.688165', '85.298420'),
(95, 'Balkhu', '27.684333', '85.301267'),
(96, 'TU Gate', '27.678889', '85.297163'),
(97, 'Naya Bato', '27.676136', '85.293897'),
(98, 'Kirtipur Eye Hospital', '27.676871', '85.284082'),
(99, 'Nayabazar Gate', '27.677155', '85.281844'),
(100, 'Panga Dobato', '27.674601', '85.280209'),
(101, 'Nagaon Dobato', '27.674754', '85.277840'),
(102, 'Police Chowki', '27.677620', '85.274879'),
(103, 'Gumba', '27.682393', '85.272840'),
(104, 'Kirtipur Hospital', '27.682421', '85.273500'),
(105, 'Kamalpokhari', '27.710087', '85.325498'),
(106, 'Ratopul', '27.709854', '85.337261'),
(107, 'Gaushala', '27.707511', '85.343925'),
(108, 'Jay Bageshwori', '27.710524', '85.344218'),
(109, 'Mitrapark', '27.713274', '85.345442'),
(110, 'Chabahil', '27.717257', '85.346583'),
(111, 'Chuchepati', '27.719475', '85.351473'),
(112, 'Bouddha', '27.720717', '85.361735'),
(113, 'Jorpati', '27.721800', '85.372661'),
(114, 'Nepal Medical College', '27.732782', '85.381131'),
(115, 'Gokarna', '27.739431', '85.387558'),
(116, 'Namgyal', '27.740435', '85.399500'),
(117, 'Sundarijal', '27.759027', '85.420781'),
(118, 'Budhanilkantha', '27.777982', '85.361089'),
(119, 'Harisiddhi', '27.638892', '85.342213'),
(120, 'Sana Gaun', '27.649792', '85.358926'),
(121, 'Krishna Mandir', '27.661703', '85.342641'),
(122, 'Imadol', '27.655063', '85.349684'),
(123, 'Singha Durbar', '27.696685', '85.321077'),
(124, 'Dhungeadda', '27.691300', '85.275756'),
(125, 'Tinthana', '27.689267', '85.271396'),
(126, 'Naikap', '27.687124', '85.265007'),
(127, 'Balkhu Pul', '27.686216', '85.260034'),
(128, 'Satungal', '27.686889', '85.251277'),
(129, 'CG Gate', '27.687114', '85.248285'),
(130, 'Sano Mandir', '27.687487', '85.244170'),
(131, 'Gurjudhara', '27.687708', '85.242087'),
(132, 'Checkpost/Chandragiri', '27.689064', '85.227875'),
(133, 'Thankot', '27.696570', '85.214652'),
(134, 'Baad Bhanjyang', '27.700481', '85.206134'),
(135, 'Nagdhunga', '27.706649', '85.205729'),
(136, 'L.R.I School', '27.693854', '85.274054'),
(137, 'Khadka Gaun', '27.694824', '85.270641'),
(138, 'Purano Naikap', '27.694587', '85.267744'),
(139, 'Chundevi', '27.696448', '85.248667'),
(140, 'Dahachowk', '27.698106', '85.243111'),
(141, 'Chunikhel', '27.620870', '85.307010'),
(142, 'Karya Binayak', '27.632617', '85.303421'),
(143, 'Thamel', '27.718194', '85.312015'),
(144, 'Gyaneshwor', '27.710232', '85.332996'),
(145, 'Maitidevi', '27.703932', '85.332458'),
(146, 'Old Baneshwor', '27.701459', '85.340079'),
(147, 'Dillibazar', '27.705385', '85.326653'),
(148, 'Mahankal', '27.722281', '85.358264'),
(149, 'Tinchuli', '27.727042', '85.368612'),
(150, 'Aarubari', '27.731268', '85.375767'),
(151, 'Radhe Radhe', '27.674723', '85.397767'),
(152, 'Chyamasingh', '27.673266', '85.438358'),
(153, 'Kaushaltar', '27.674454', '85.364221'),
(154, 'Sano Thimi', '27.682596', '85.372326'),
(155, 'CTEVT', '27.680620', '85.376662'),
(156, 'Dhunche Pakha', '27.690553', '85.390105'),
(157, 'Bode', '27.694921', '85.399078'),
(158, 'Saraswotikhel', '27.694921', '85.399078'),
(159, 'Siddha Pokhari/Dudhpati', '27.671417', '85.419263'),
(160, 'Bhaktapur Cancer Hospital/Dudhpati', '27.672994', '85.422141'),
(161, 'Kalopati', '27.675517', '85.423695'),
(162, 'Sano byasi', '27.674814', '85.427476'),
(163, 'Thulo byasi', '27.675399', '85.429930'),
(164, 'Mahakali', '27.675893', '85.431727'),
(165, 'Mahalaxmi', '27.676135', '85.433621'),
(166, 'Kamal Binayak', '27.677099', '85.436379'),
(167, 'Pepsicola', '27.688853', '85.360246'),
(168, 'Chundevi Bhaktapur', '27.666858', '85.417064'),
(169, 'Ghalate', '27.666163', '85.419179'),
(170, 'Adarsha', '27.667788', '85.434523'),
(171, 'Vitte Ganesh', '27.728528', '85.338683'),
(172, 'Chandol Chowk', '27.724864', '85.337251'),
(173, 'Bishalnagar', '27.721767', '85.335504'),
(174, 'Bhatbhateni Super Market (Bhatbhateni)', '27.719133', '85.331193'),
(175, 'Durbar Marg bus Stop', '27.713472', '85.319030'),
(176, 'Kesar Mahal', '27.713520', '85.315523'),
(177, 'Patan Dhoka Road', '27.683555', '85.318800'),
(178, 'Lalitpur Yatayat Bus Stand', '27.679164', '85.320709'),
(179, 'Bhaktapur Buspark', '27.705570', '85.316899'),
(180, 'Banasthali', '27.725085', '85.298201'),
(181, 'Dhungedhara', '27.723465', '85.294543'),
(182, 'Sano Bharyang', '27.720794', '85.289130'),
(183, 'Thulo Bharyang', '27.719702', '85.286716'),
(184, 'Sanepa', '27.682412', '85.302416'),
(185, 'Dhobighat', '27.678435', '85.302376'),
(186, 'Bagdol', '27.670810', '85.304512'),
(187, 'Thasikhel', '27.662871', '85.316426'),
(188, 'Mahalaxmisthan', '27.661417', '85.318221'),
(189, 'Basundhara', '27.738075', '85.324951'),
(190, 'Balaju', '27.727339', '85.304721'),
(191, 'NTC Naxal/Balmandir', '27.714610', '85.329520'),
(192, 'Syuchatar', '27.709805', '85.255418'),
(193, 'Tikathali', '27.658963', '85.357829'),
(194, 'Uttar Dhoka', '27.718108', '85.317396'),
(195, 'Dharachaur', '27.629644', '85.376861'),
(196, 'Sankhadevi', '27.630080', '85.366163'),
(197, 'Chakrapath', '27.739340', '85.336621'),
(198, 'Bhangal', '27.762937', '85.358972');

--
-- Indexes for dumped tables
--

--
-- Indexes for table `admin`
--
ALTER TABLE `admin`
  ADD PRIMARY KEY (`username`),
  ADD KEY `id` (`id`);

--
-- Indexes for table `bus`
--
ALTER TABLE `bus`
  ADD PRIMARY KEY (`bus_id`);

--
-- Indexes for table `edges`
--
ALTER TABLE `edges`
  ADD PRIMARY KEY (`edge_id`);

--
-- Indexes for table `nodes`
--
ALTER TABLE `nodes`
  ADD PRIMARY KEY (`node_id`);

--
-- AUTO_INCREMENT for dumped tables
--

--
-- AUTO_INCREMENT for table `admin`
--
ALTER TABLE `admin`
  MODIFY `id` int(11) NOT NULL AUTO_INCREMENT, AUTO_INCREMENT=2;

--
-- AUTO_INCREMENT for table `bus`
--
ALTER TABLE `bus`
  MODIFY `bus_id` int(2) NOT NULL AUTO_INCREMENT, AUTO_INCREMENT=21;

--
-- AUTO_INCREMENT for table `nodes`
--
ALTER TABLE `nodes`
  MODIFY `node_id` int(3) NOT NULL AUTO_INCREMENT, AUTO_INCREMENT=199;
COMMIT;

/*!40101 SET CHARACTER_SET_CLIENT=@OLD_CHARACTER_SET_CLIENT */;
/*!40101 SET CHARACTER_SET_RESULTS=@OLD_CHARACTER_SET_RESULTS */;
/*!40101 SET COLLATION_CONNECTION=@OLD_COLLATION_CONNECTION */;
